timestamp,underlying,maturity,strike,side,lots_change,synthetic_lots_before,synthetic_lots_after,mult,trade_price,combined_delta_lots,threshold_lots,universal_mid,universal_spot
2026-05-14T09:26:46,SENSEX,14-May-26,75000,BUY,3.0,0.0,3,20.0,75086.70722810336,-2.8546964067320446,2.7381821067030785,75084.20701968054,75077.94783666915
2026-05-14T09:27:25,SENSEX,14-May-26,75000,SELL,-3.0,3.0,0,20.0,75045.45378230952,2.9057117314493723,2.7408741554530494,75047.52479403265,75041.27992390362
2026-05-14T09:29:12,SENSEX,14-May-26,75000,BUY,3.0,0.0,3,20.0,75087.70726170983,-3.18025617465928,2.8059518016769083,75087.14479591262,75080.92796680643
2026-05-14T09:30:57,SENSEX,14-May-26,75000,SELL,-3.0,3.0,0,20.0,75042.50350177458,3.07061201895251,2.763010100402861,75044.86633825758,75038.68354873137
2026-05-14T09:34:43,SENSEX,14-May-26,75000,SELL,-3.0,0.0,-3,20.0,75009.90080703942,2.824658361375043,2.8245021801209123,75009.60948079506,75003.49526089145
2026-05-14T09:36:53,SENSEX,14-May-26,75000,SELL,-4.0,-3.0,-7,20.0,74959.54672290677,3.911555420034901,2.751738856947118,74956.06739058143,74949.99524913417
2026-05-14T09:37:27,SENSEX,14-May-26,75000,SELL,-3.0,-7.0,-10,20.0,74907.24249823189,2.7691669269347026,2.7103626684015345,74917.83526741712,74911.77628332321
2026-05-14T09:37:54,SENSEX,14-May-26,75000,BUY,3.0,-10.0,-7,20.0,74951.44607827692,-2.750404029003228,2.7409654960988337,74951.75014135975,74945.69625326409
2026-05-14T09:38:37,SENSEX,14-May-26,75000,SELL,-3.0,-7.0,-10,20.0,74917.64336154712,2.643543401633382,2.6400634641827114,74916.69731559829,74910.65856784489
2026-05-14T09:39:33,SENSEX,14-May-26,75000,SELL,-3.0,-10.0,-13,20.0,74870.9896292995,2.807799319872313,2.577558380260009,74873.27687114771,74867.25806563914
2026-05-14T09:41:02,SENSEX,14-May-26,75000,SELL,-3.0,-13.0,-16,20.0,74837.386984135,2.5687591479547205,2.5487522594794236,74837.88702415918,74831.89685277165
2026-05-14T09:44:25,SENSEX,14-May-26,75000,SELL,-2.0,-16.0,-18,20.0,74793.1836090773,2.4119378362216253,2.3996500890831127,74789.81626755363,74783.88891289882
2026-05-14T09:45:57,SENSEX,14-May-26,75000,BUY,3.0,-18.0,-15,20.0,74842.28755666834,-2.7678149877390403,2.5622791675641525,74843.14551424602,74837.24047554265
2026-05-14T09:46:29,SENSEX,14-May-26,75000,BUY,4.0,-15.0,-11,20.0,74900.34214943569,-3.501084425870067,2.7526126928299157,74901.20797267545,74895.30761713744
2026-05-14T09:46:42,SENSEX,14-May-26,75000,SELL,-3.0,-11.0,-14,20.0,74867.53957227472,2.6854772709947774,2.640629491166896,74868.21462541714,74862.32075063541
2026-05-14T09:48:26,SENSEX,14-May-26,75000,SELL,-3.0,-14.0,-17,20.0,74825.78635537378,2.584522067565853,2.5656551423091543,74827.93260740957,74822.07199199333
2026-05-14T09:48:38,SENSEX,14-May-26,75000,SELL,-3.0,-17.0,-20,20.0,74786.73330659089,2.606926901064785,2.476451328572643,74785.15275157482,74779.29895822938
2026-05-14T09:52:19,SENSEX,14-May-26,75000,BUY,3.0,-20.0,-17,20.0,74819.93606035635,-2.611374454701501,2.5661991783621176,74817.98978043342,74812.19774834755
2026-05-14T09:53:09,SENSEX,14-May-26,75000,SELL,-3.0,-17.0,-20,20.0,74781.13309848221,2.845307153117151,2.4837295238845383,74782.781392612,74777.00645587676
2026-05-14T09:53:22,SENSEX,14-May-26,75000,SELL,-3.0,-20.0,-23,20.0,74744.93031609207,2.5166890685586942,2.3944788596694786,74743.79952150468,74738.03148962362
2026-05-14T09:56:51,SENSEX,14-May-26,75000,SELL,-2.0,-23.0,-25,20.0,74711.67798336419,2.48396064545042,2.3630278631034853,74709.99694531588,74704.29199495168
2026-05-14T09:58:49,SENSEX,14-May-26,75000,SELL,-2.0,-25.0,-27,20.0,74683.9260091004,2.3979848412408877,2.300465877996602,74683.24113767591,74677.57247087096
2026-05-14T09:59:27,SENSEX,14-May-26,75000,SELL,-2.0,-27.0,-29,20.0,74652.82369915061,2.3303177995972923,2.2119046038512593,74653.52905517202,74647.87356768813
2026-05-14T09:59:45,SENSEX,14-May-26,75000,BUY,2.0,-29.0,-27,20.0,74696.67704208588,-2.384209495174492,2.344306240205349,74696.60731201616,74690.95367370395
2026-05-14T10:00:40,SENSEX,14-May-26,75000,BUY,2.0,-27.0,-25,20.0,74726.57936381675,-2.4245158650243077,2.406339592103821,74723.97067769716,74718.33095140166
2026-05-14T10:02:13,SENSEX,14-May-26,75000,BUY,3.0,-25.0,-22,20.0,74766.5324632633,-2.818193488811737,2.536808946177349,74763.41849649613,74757.80269909809
2026-05-14T10:03:38,SENSEX,14-May-26,75000,BUY,3.0,-22.0,-19,20.0,74810.03579405425,-2.6960835198544544,2.67767470140827,74806.85425168737,74801.26002877444
2026-05-14T10:04:13,SENSEX,14-May-26,75000,SELL,-3.0,-19.0,-22,20.0,74759.58205306451,3.4156764248281135,2.534948880780199,74760.38323998754,74754.8024595504
2026-05-14T10:06:18,SENSEX,14-May-26,75000,SELL,-3.0,-22.0,-25,20.0,74726.82974132105,2.7537685150468683,2.4369212050638462,74726.12322926612,74720.58143805272
2026-05-14T10:09:41,SENSEX,14-May-26,75000,BUY,3.0,-25.0,-22,20.0,74770.3331480523,-3.1034864476681676,2.564985595800662,74768.54035406695,74763.05416604895
2026-05-14T10:11:22,SENSEX,14-May-26,75000,SELL,-3.0,-22.0,-25,20.0,74730.03029714306,2.650534085358231,2.467837132250459,74729.86258307636,74724.40866815427
2026-05-14T10:11:48,SENSEX,14-May-26,75000,BUY,3.0,-25.0,-22,20.0,74763.38275507237,-2.7766123346208715,2.574560025959592,74766.21524961879,74760.76620480407
2026-05-14T10:16:49,SENSEX,14-May-26,75000,SELL,-3.0,-22.0,-25,20.0,74741.28144551264,2.6079793742442874,2.550134886011235,74740.69216078287,74735.33199157873
2026-05-14T10:17:15,SENSEX,14-May-26,75000,BUY,4.0,-25.0,-21,20.0,74788.33484145647,-3.880480524532935,2.6686932261512806,74787.54910832096,74782.19314739127
2026-05-14T10:18:13,SENSEX,14-May-26,75000,BUY,4.0,-21.0,-17,20.0,74836.03829477761,-3.646056357325481,2.817310897927899,74838.7670590829,74833.42432121362
2026-05-14T10:18:24,SENSEX,14-May-26,75000,SELL,-3.0,-17.0,-20,20.0,74805.53612560248,2.985411093769887,2.7366078170900643,74804.63962898595,74799.30254872078
2026-05-14T10:20:47,SENSEX,14-May-26,75000,SELL,-3.0,-20.0,-23,20.0,74773.98399953092,2.6920666107520645,2.6723437116692765,74772.70160712677,74767.4081841029
2026-05-14T10:21:55,SENSEX,14-May-26,75000,SELL,-3.0,-23.0,-26,20.0,74729.83094505357,2.6818477576132125,2.5834027374428206,74734.81687616711,74729.54585083666
2026-05-14T10:23:03,SENSEX,14-May-26,75000,SELL,-3.0,-26.0,-29,20.0,74689.5781884036,2.8073611174486572,2.426005503520778,74688.39567140999,74683.14773752794
2026-05-14T10:23:27,SENSEX,14-May-26,75000,BUY,3.0,-29.0,-26,20.0,74728.63095736249,-2.7010812447020562,2.5670385001266753,74726.86635940762,74721.62259020617
2026-05-14T10:24:55,SENSEX,14-May-26,75000,BUY,3.0,-26.0,-23,20.0,74775.23430409626,-2.974264684076619,2.75563494633998,74776.89489490294,74771.67305293074
2026-05-14T10:26:53,SENSEX,14-May-26,75000,BUY,3.0,-23.0,-20,20.0,74816.03723773154,-3.2401564700492074,2.867777311351369,74815.89763417584,74810.70734153557
2026-05-14T10:34:56,SENSEX,14-May-26,75000,BUY,3.0,-20.0,-17,20.0,74851.23995868592,-3.3541706083629883,3.056541154647431,74857.00047253243,74851.94761932202
2026-05-14T10:35:06,SENSEX,14-May-26,75000,BUY,3.0,-17.0,-14,20.0,74890.64262250201,-3.237277765995291,3.1277736008754298,74888.8208727166,74883.76870213237
2026-05-14T10:35:32,SENSEX,14-May-26,75000,BUY,3.0,-14.0,-11,20.0,74925.24496452308,-3.407652264677864,3.149634976858261,74924.82330410526,74919.7763903236
2026-05-14T10:37:14,SENSEX,14-May-26,75000,SELL,-3.0,-11.0,-14,20.0,74888.2425162904,3.1586679228752192,3.1555445160209343,74888.40748276206,74883.39266786147
2026-05-14T10:41:16,SENSEX,14-May-26,75000,SELL,-3.0,-14.0,-17,20.0,74860.34077901828,3.34002110549881,3.1584095943978827,74860.81911184356,74855.87643609323
2026-05-14T10:43:38,SENSEX,14-May-26,75000,SELL,-6.0,-17.0,-23,20.0,74796.93670410209,5.917527492716186,2.9894799170241404,74796.45839895337,74791.56097979833
2026-05-14T10:44:57,SENSEX,14-May-26,75000,SELL,-3.0,-23.0,-26,20.0,74751.88383014586,3.14557804253986,2.840466495966777,74755.39383446916,74750.52198828782
2026-05-14T10:45:19,SENSEX,14-May-26,75000,SELL,-3.0,-26.0,-29,20.0,74715.03145360698,2.9319605233103374,2.698706541743416,74717.99140858438,74713.128593891
2026-05-14T10:46:57,SENSEX,14-May-26,75000,SELL,-3.0,-29.0,-32,20.0,74678.7292125356,2.690944275527979,2.5319839403922524,74677.86386212512,74673.03191506835
2026-05-14T10:48:24,SENSEX,14-May-26,75000,SELL,-3.0,-32.0,-35,20.0,74620.22555522091,2.5636941819026546,2.253209645445709,74620.1448599984,74615.34181708207
2026-05-14T10:49:47,SENSEX,14-May-26,75000,SELL,-2.0,-35.0,-37,20.0,74566.47223517727,2.0675957154291495,2.0095914861284685,74566.73567840847,74561.96013145204
2026-05-14T10:50:07,SENSEX,14-May-26,75000,SELL,-2.0,-37.0,-39,20.0,74517.76915296346,1.8968878205216768,1.8042684406371923,74519.86027856848,74515.0934394778
2026-05-14T10:50:28,SENSEX,14-May-26,75000,BUY,2.0,-39.0,-37,20.0,74567.52237112643,-2.03841827332689,2.002637738399245,74566.06644364228,74561.30278354837
2026-05-14T10:51:40,SENSEX,14-May-26,75000,BUY,3.0,-37.0,-34,20.0,74638.92703333231,-2.576254074514125,2.3921569266201788,74638.42108316696,74633.67357788993
2026-05-14T10:56:26,SENSEX,14-May-26,75000,SELL,-2.0,-34.0,-36,20.0,74596.42477790201,2.410998797961973,2.175868964815626,74596.54353431784,74591.88150050731
2026-05-14T10:57:23,SENSEX,14-May-26,75000,SELL,-2.0,-36.0,-38,20.0,74561.22267433045,2.0165330074532974,2.0060252042745477,74560.31630093927,74555.67291932828
2026-05-14T11:08:44,SENSEX,14-May-26,75000,SELL,-2.0,-38.0,-40,20.0,74523.57158874431,1.8846627879628954,1.8695385408097893,74525.31458283777,74520.87035214584
2026-05-14T11:10:49,SENSEX,14-May-26,75000,BUY,2.0,-40.0,-38,20.0,74572.57471728306,-2.09994306064506,2.0769103168524596,74571.16442166155,74566.75344805242
2026-05-14T11:12:04,SENSEX,14-May-26,75000,BUY,2.0,-38.0,-36,20.0,74618.97757343487,-2.4333655482236054,2.3023357480635283,74617.39513796777,74613.00323934156
2026-05-14T11:15:08,SENSEX,14-May-26,75000,BUY,3.0,-36.0,-33,20.0,74658.13012182506,-2.7453155344228506,2.4315195054652814,74653.400197706,74649.059442804
2026-05-14T11:15:42,SENSEX,14-May-26,75000,BUY,3.0,-33.0,-30,20.0,74701.88270563938,-2.946427223993034,2.621402680034136,74699.76918541666,74695.43570738302
2026-05-14T11:16:14,SENSEX,14-May-26,75000,SELL,-3.0,-30.0,-33,20.0,74662.03043523974,2.568271295191547,2.4693754466784057,74662.65073233975,74658.32857728547
2026-05-14T11:16:40,SENSEX,14-May-26,75000,BUY,3.0,-33.0,-30,20.0,74701.03272303127,-2.6370018312724355,2.6319660527587025,74698.21911820208,74693.90239562071
2026-05-14T11:18:09,SENSEX,14-May-26,75000,BUY,4.0,-30.0,-26,20.0,74758.7361411536,-3.721732526389225,2.874063442081442,74756.878267241,74752.58403063778
2026-05-14T11:20:42,SENSEX,14-May-26,75000,BUY,3.0,-26.0,-23,20.0,74805.58894815792,-3.157080019181006,3.096540658504635,74804.55310122421,74800.30062637934
2026-05-14T11:21:13,SENSEX,14-May-26,75000,BUY,3.0,-23.0,-20,20.0,74825.84012014388,-3.263649301999841,3.0794474266144993,74825.65429176638,74821.40953287906
2026-05-14T11:21:51,SENSEX,14-May-26,75000,BUY,4.0,-20.0,-16,20.0,74858.99202164791,-3.5148223384524364,3.1275641226381623,74860.72560686403,74856.48992294028
2026-05-14T11:22:09,SENSEX,14-May-26,75000,BUY,4.0,-16.0,-12,20.0,74904.39459705188,-3.608659844730507,3.186246823918567,74904.27241579704,74900.03935066643
2026-05-14T11:24:32,SENSEX,14-May-26,75000,BUY,3.0,-12.0,-9,20.0,74950.9472551886,-3.439551140975489,3.366270997758912,74950.35841350447,74946.16446678656
2026-05-14T11:25:27,SENSEX,14-May-26,75000,SELL,-4.0,-9.0,-13,20.0,74909.49495503766,3.569520527096886,3.3587515408781123,74910.60337817366,74906.42768639291
2026-05-14T11:26:19,SENSEX,14-May-26,75000,SELL,-4.0,-13.0,-17,20.0,74873.74298717614,3.6440541614705904,3.2464648781072474,74872.84015982776,74868.68142022498
2026-05-14T11:27:11,SENSEX,14-May-26,75000,BUY,4.0,-17.0,-13,20.0,74898.89440479995,-3.566940273473831,3.3243723046454634,74899.7972217701,74895.65225484109
2026-05-14T11:27:36,SENSEX,14-May-26,75000,BUY,4.0,-13.0,-9,20.0,74942.69683436098,-3.748845988586165,3.3872633321846353,74944.23849263857,74940.09829544151
2026-05-14T11:28:16,SENSEX,14-May-26,75000,BUY,4.0,-9.0,-5,20.0,74987.69932235609,-3.6523314151084065,3.4224125558030876,74986.00749264815,74981.87651604126
2026-05-14T11:28:46,SENSEX,14-May-26,75000,BUY,5.0,-5.0,0,20.0,75036.30199554532,-4.5285302011894455,3.3632465254201356,75036.98253002262,75032.8576961793
2026-05-14T11:31:53,SENSEX,14-May-26,75000,BUY,5.0,0.0,5,20.0,75094.25511312872,-4.527295946382651,3.4425146351529525,75089.507567973,75085.43413042207
2026-05-14T11:33:20,SENSEX,14-May-26,75000,BUY,3.0,5.0,8,20.0,75139.80753710633,-3.326949191871103,3.152101809205761,75137.13239288774,75133.08170600886
2026-05-14T11:33:47,SENSEX,14-May-26,75000,BUY,3.0,8.0,11,20.0,75169.15910184087,-3.3206775167278337,3.137676273686074,75170.86805187585,75166.82337871933
2026-05-14T11:35:36,SENSEX,14-May-26,75000,BUY,3.0,11.0,14,20.0,75204.6109225651,-3.4030880762207776,3.141459637003641,75204.72258299543,75200.70799536827
2026-05-14T11:37:41,SENSEX,14-May-26,75000,SELL,-4.0,14.0,10,20.0,75154.05814952707,3.7261651362642905,3.2736587224324767,75155.95295985744,75151.97728264923
2026-05-14T11:38:02,SENSEX,14-May-26,75000,BUY,3.0,10.0,13,20.0,75194.11025238542,-3.231162135274145,3.1483131993309614,75192.04429806798,75188.07285498669
2026-05-14T11:39:23,SENSEX,14-May-26,75000,BUY,3.0,13.0,16,20.0,75230.56210472996,-3.1780604198998503,3.0018110918322654,75230.876621052,75226.92692842019
2026-05-14T11:41:09,SENSEX,14-May-26,75000,BUY,3.0,16.0,19,20.0,75268.3139767955,-3.2372344470943126,2.911795064395386,75268.90098457487,75264.98013762996
2026-05-14T11:41:55,SENSEX,14-May-26,75000,BUY,3.0,19.0,22,20.0,75312.66623066612,-3.2137963527731728,2.7183982528130772,75314.71797744009,75310.80835138724
2026-05-14T11:42:12,SENSEX,14-May-26,75000,BUY,3.0,22.0,25,20.0,75349.01809536206,-2.7094113030757825,2.592465289737874,75351.99232632211,75348.08559025144
2026-05-14T11:45:02,SENSEX,14-May-26,75000,BUY,3.0,25.0,28,20.0,75406.07078548953,-2.5202183172113592,2.3866510478909304,75402.75270024523,75398.8930698977
2026-05-14T11:45:38,SENSEX,14-May-26,75000,SELL,-3.0,28.0,25,20.0,75368.71882168777,2.6536439272259003,2.478999301047053,75370.28113989285,75366.43377486768
2026-05-14T11:46:46,SENSEX,14-May-26,75000,SELL,-3.0,25.0,22,20.0,75322.46637586318,2.6419644251798964,2.641424502033524,75322.67615156675,75318.85102767505
2026-05-14T11:47:04,SENSEX,14-May-26,75000,BUY,3.0,22.0,25,20.0,75362.96840714848,-2.929108165999736,2.5669948970640046,75356.36553665777,75352.54400348169
2026-05-14T11:48:54,SENSEX,14-May-26,75000,BUY,2.0,25.0,27,20.0,75399.37008357818,-2.4153348174115123,2.3966662311673548,75399.98994186646,75396.19821671094
2026-05-14T11:51:33,SENSEX,14-May-26,75000,BUY,3.0,27.0,30,20.0,75447.07220649118,-2.6061546073736324,2.157739132122084,75452.82514032733,75449.07732851485
2026-05-14T11:54:08,SENSEX,14-May-26,75000,SELL,-3.0,30.0,27,20.0,75404.01982471632,2.756876530475882,2.3584814814945623,75403.07760444758,75399.37767555493
2026-05-14T11:55:49,SENSEX,14-May-26,75000,SELL,-3.0,27.0,24,20.0,75362.16762980052,2.718328802076872,2.4282341579507776,75363.42565354155,75359.75707012626
2026-05-14T11:56:23,SENSEX,14-May-26,75000,BUY,3.0,24.0,27,20.0,75398.46934457349,-2.7156050608073024,2.3409220830561703,75398.68221810632,75395.02182272238
2026-05-14T12:00:58,SENSEX,14-May-26,75000,SELL,-3.0,27.0,24,20.0,75339.51611984117,2.9336716929789795,2.5724868932922718,75345.95455581372,75342.3772151533
2026-05-14T12:04:07,SENSEX,14-May-26,75000,SELL,-3.0,24.0,21,20.0,75298.0639335812,2.8685292694601863,2.757111545570712,75299.1069702968,75295.58696635529
2026-05-14T12:05:43,SENSEX,14-May-26,75000,BUY,3.0,21.0,24,20.0,75332.21540660677,-2.6976260529350995,2.6799683556370337,75333.19690198274,75329.70329837897
2026-05-14T12:06:19,SENSEX,14-May-26,75000,SELL,-3.0,24.0,21,20.0,75295.06364164887,3.0527487212263473,2.789657656729675,75295.80442931694,75292.32328565774
2026-05-14T12:07:27,SENSEX,14-May-26,75000,BUY,3.0,21.0,24,20.0,75333.46532993903,-2.700518051411887,2.6931401108286366,75333.55154241851,75330.08833755483
2026-05-14T12:07:47,SENSEX,14-May-26,75000,BUY,3.0,24.0,27,20.0,75374.51718813561,-2.791348609304201,2.583640753100943,75375.12385833144,75371.66458358818
2026-05-14T12:09:20,SENSEX,14-May-26,75000,SELL,-3.0,27.0,24,20.0,75330.31503987196,2.81157091083659,2.7765791745524897,75331.59916217485,75328.16917119913
2026-05-14T12:10:20,SENSEX,14-May-26,75000,SELL,-3.0,24.0,21,20.0,75282.7628090702,3.3262595302515265,2.9445063227744828,75282.94696251757,75279.5366676634
2026-05-14T12:12:10,SENSEX,14-May-26,75000,BUY,3.0,21.0,24,20.0,75328.36473470899,-2.7975299463867103,2.7836688583695492,75326.70344191314,75323.323307153
2026-05-14T12:14:38,SENSEX,14-May-26,75000,BUY,3.0,24.0,27,20.0,75369.76638028279,-3.2211181590085296,2.6445307134305227,75372.03262087397,75368.69371481116
2026-05-14T12:15:18,SENSEX,14-May-26,75000,BUY,3.0,27.0,30,20.0,75417.86844569848,-2.957370240806739,2.4473010555721433,75418.63023661837,75415.30108045113
2026-05-14T12:16:54,SENSEX,14-May-26,75000,BUY,3.0,30.0,33,20.0,75455.1699236339,-2.680637394204041,2.3202855808678744,75457.23407102062,75453.93116757827
2026-05-14T12:19:46,SENSEX,14-May-26,75000,SELL,-3.0,33.0,30,20.0,75417.3679899306,2.6342079536226564,2.4775625680179703,75419.09004702294,75415.83923663749
2026-05-14T12:20:26,SENSEX,14-May-26,75000,BUY,3.0,30.0,33,20.0,75457.11963240494,-2.693543283617153,2.3130221188310065,75459.27969335168,75456.03886309589
2026-05-14T12:21:03,SENSEX,14-May-26,75000,SELL,-2.0,33.0,31,20.0,75416.3178202756,2.479281070123111,2.4788445970845556,75420.24230556199,75417.01397989733
2026-05-14T12:24:19,SENSEX,14-May-26,75000,BUY,3.0,31.0,34,20.0,75470.16976936802,-2.858453861744959,2.3016119188316106,75469.91322310806,75466.73991723858
2026-05-14T12:28:57,SENSEX,14-May-26,75000,BUY,2.0,34.0,36,20.0,75512.27098716745,-2.2539664129041554,2.127154449561827,75513.25259138769,75510.15889817373
2026-05-14T12:29:46,SENSEX,14-May-26,75000,SELL,-2.0,36.0,34,20.0,75461.91883545835,2.440205169178604,2.3513387379598156,75461.64843615537,75458.57137017076
2026-05-14T12:30:42,SENSEX,14-May-26,75000,SELL,-3.0,34.0,31,20.0,75421.46709537855,2.525194017205621,2.51273912881421,75424.69491742572,75421.63557133269
2026-05-14T12:32:51,SENSEX,14-May-26,75000,BUY,3.0,31.0,34,20.0,75458.16835418022,-2.695940433131927,2.409384971280514,75454.79618614438,75451.77347426409
2026-05-14T12:33:36,SENSEX,14-May-26,75000,SELL,-3.0,34.0,31,20.0,75418.7167007146,2.637125193182939,2.546021762332541,75419.998803388,75416.99064089202
2026-05-14T12:39:09,SENSEX,14-May-26,75000,SELL,-3.0,31.0,28,20.0,75354.41367856588,3.422533861828306,2.8689476755858423,75355.64828824945,75352.73994339154
2026-05-14T12:40:08,SENSEX,14-May-26,75000,BUY,3.0,28.0,31,20.0,75401.31539620341,-2.741053801584087,2.6757944668049025,75399.7249894494,75396.83232818155
2026-05-14T12:40:58,SENSEX,14-May-26,75000,SELL,-3.0,31.0,28,20.0,75366.71399754168,2.8988834877207452,2.800439373495607,75365.14676113604,75362.27005942911
2026-05-14T12:41:22,SENSEX,14-May-26,75000,BUY,3.0,28.0,31,20.0,75402.71533506352,-2.8254044521818784,2.684484938773158,75399.72689355857,75396.85573494845
2026-05-14T12:44:09,SENSEX,14-May-26,75000,BUY,3.0,31.0,34,20.0,75441.81653767463,-3.040134608227085,2.5395554787147705,75439.09959198584,75436.27582425014
2026-05-14T12:44:43,SENSEX,14-May-26,75000,BUY,3.0,34.0,37,20.0,75478.76785660925,-2.793121805464324,2.337408730805889,75483.84566779077,75481.03034608888
2026-05-14T12:46:38,SENSEX,14-May-26,75000,SELL,-3.0,37.0,34,20.0,75434.56601420532,2.728971315818292,2.5600823052077093,75440.14963700398,75437.36958976899
2026-05-14T12:47:55,SENSEX,14-May-26,75000,BUY,3.0,34.0,37,20.0,75477.51745574221,-2.6893594188856014,2.382266497681705,75477.0082983319,75474.24922181151
2026-05-14T12:50:54,SENSEX,14-May-26,75000,SELL,-3.0,37.0,34,20.0,75437.66569384086,2.777068688894701,2.5766465092520088,75437.95494679618,75435.24988840155
2026-05-14T12:52:23,SENSEX,14-May-26,75000,SELL,-4.0,34.0,30,20.0,75384.61365920347,3.685641886213663,2.8058590119834297,75384.47800015916,75381.80078914735
2026-05-14T12:54:43,SENSEX,14-May-26,75000,BUY,3.0,30.0,33,20.0,75413.21445107796,-2.8584767156722712,2.6958566884781456,75414.6755132371,75412.03808525534
2026-05-14T12:56:06,SENSEX,14-May-26,75000,SELL,-3.0,33.0,30,20.0,75376.51304657084,2.8978017579762962,2.8734624918794487,75376.99400516134,75374.38211348622
2026-05-14T12:57:08,SENSEX,14-May-26,75000,BUY,3.0,30.0,33,20.0,75409.76409998389,-2.8473983602920363,2.6994121266017634,75414.7953476075,75412.2003242759
2026-05-14T12:58:58,SENSEX,14-May-26,75000,BUY,3.0,33.0,36,20.0,75449.36527081416,-2.6077219047081996,2.5630696057990754,75449.03006450001,75446.46607437663
2026-05-14T12:59:57,SENSEX,14-May-26,75000,SELL,-3.0,36.0,33,20.0,75405.26367917689,2.8055138511238837,2.7815867272255947,75410.54529287793,75407.99990269946
2026-05-14T13:00:15,SENSEX,14-May-26,75000,BUY,3.0,33.0,36,20.0,75448.26509991201,-2.621338163808808,2.567974911148398,75448.33168084786,75445.79018660821
2026-05-14T13:00:51,SENSEX,14-May-26,75000,BUY,2.0,36.0,38,20.0,75488.916399277,-2.4425464282719886,2.3754364691289895,75488.8479488325,75486.31589523294
2026-05-14T13:03:03,SENSEX,14-May-26,75000,BUY,2.0,38.0,40,20.0,75533.61762692967,-2.1807576875054977,2.1299011176967055,75535.13111541484,75532.63597212108
2026-05-14T13:04:06,SENSEX,14-May-26,75000,BUY,2.0,40.0,42,20.0,75575.56887190645,-1.9674276715934482,1.9290929642535877,75576.82915850845,75574.35112517593
2026-05-14T13:05:12,SENSEX,14-May-26,75000,BUY,2.0,42.0,44,20.0,75635.62067693322,-1.726078494002266,1.6834860184944231,75630.77925428876,75628.31896212205
2026-05-14T13:06:42,SENSEX,14-May-26,75000,SELL,-2.0,44.0,42,20.0,75557.41793921149,2.35327625393316,2.0363656515806614,75557.94703748758,75555.5153791281
2026-05-14T13:10:20,SENSEX,14-May-26,75000,SELL,-3.0,42.0,39,20.0,75509.86597693262,2.6097064101191023,2.274231969766485,75511.75193503106,75509.38573248488
2026-05-14T13:11:00,SENSEX,14-May-26,75000,SELL,-3.0,39.0,36,20.0,75453.76414988626,2.816565660267784,2.5448473109245233,75458.62526896478,75456.27221624913
2026-05-14T13:11:39,SENSEX,14-May-26,75000,SELL,-3.0,36.0,33,20.0,75407.9626593298,2.9063267098109264,2.809806893812551,75408.00179983117,75405.66184360614
2026-05-14T13:12:12,SENSEX,14-May-26,75000,BUY,3.0,33.0,36,20.0,75450.6639270795,-2.9290433275412866,2.641005391548284,75445.55604336047,75443.22451382403
2026-05-14T13:12:38,SENSEX,14-May-26,75000,BUY,3.0,36.0,39,20.0,75483.36488840467,-2.5089809231954447,2.455407649508054,75483.34486675775,75481.01986009932
2026-05-14T13:16:09,SENSEX,14-May-26,75000,BUY,2.0,39.0,41,20.0,75534.51602647029,-2.2559064275220493,2.1747238442410697,75535.75706873782,75533.49226935652
2026-05-14T13:18:26,SENSEX,14-May-26,75000,SELL,-3.0,41.0,38,20.0,75482.0641980882,2.96305446028353,2.4680229911002867,75480.64943007362,75478.42632177618
2026-05-14T13:19:24,SENSEX,14-May-26,75000,BUY,2.0,38.0,40,20.0,75526.5653907851,-2.2354614415549676,2.228458210638828,75524.15216736628,75521.94469985094
2026-05-14T13:23:03,SENSEX,14-May-26,75000,SELL,-3.0,40.0,37,20.0,75475.61349724985,2.5641484941916914,2.4506910643424114,75478.57439197102,75476.4324149601
2026-05-14T13:23:22,SENSEX,14-May-26,75000,BUY,3.0,37.0,40,20.0,75522.46478815132,-3.2737405828844857,2.2173127577134415,75524.52710945925,75522.38941872618
2026-05-14T13:24:59,SENSEX,14-May-26,75000,SELL,-3.0,40.0,37,20.0,75470.86315099204,2.600702189236017,2.4920030485109135,75472.6284249557,75470.52050902937
2026-05-14T13:25:32,SENSEX,14-May-26,75000,BUY,2.0,37.0,39,20.0,75501.7139479268,-2.3707918567203237,2.3405557283989165,75502.20284129583,75500.10383806335
2026-05-14T13:31:36,SENSEX,14-May-26,75000,BUY,2.0,39.0,41,20.0,75535.0141187592,-2.341916400665731,2.16149328440242,75536.34963977372,75534.3562726944
2026-05-14T13:33:09,SENSEX,14-May-26,75000,BUY,2.0,41.0,43,20.0,75580.71511372343,-2.101944219142972,1.9276006008266655,75579.3520652212,75577.38503285528
2026-05-14T13:36:54,SENSEX,14-May-26,75000,BUY,2.0,43.0,45,20.0,75618.66556338125,-1.7735628929183065,1.7456919715481818,75617.84793335202,75615.9456626168
2026-05-14T13:37:50,SENSEX,14-May-26,75000,BUY,2.0,45.0,47,20.0,75646.56612322187,-1.647972673172184,1.6106438425623295,75645.7798821031,75643.8935264016
2026-05-14T13:39:37,SENSEX,14-May-26,75000,SELL,-2.0,47.0,45,20.0,75603.5147995605,1.8171827449498679,1.8041171939596148,75606.55506520168,75604.70101988962
2026-05-14T13:48:29,SENSEX,14-May-26,75000,SELL,-2.0,45.0,43,20.0,75567.56274786073,2.1444153765142104,1.9832277707874606,75569.84932279447,75568.15197053053
2026-05-14T13:51:10,SENSEX,14-May-26,75000,BUY,2.0,43.0,45,20.0,75602.413154577,-1.908862911544162,1.799262531436739,75602.07832085376,75600.42743830963
2026-05-14T13:51:51,SENSEX,14-May-26,75000,SELL,-2.0,45.0,43,20.0,75563.3122105211,2.095132322480552,2.0129139993210172,75563.79813146294,75562.1601883582
2026-05-14T13:54:41,SENSEX,14-May-26,75000,BUY,2.0,43.0,45,20.0,75591.66243552564,-1.9683081924783536,1.8521047640679722,75592.4008911794,75590.8120946249
2026-05-14T14:07:20,SENSEX,14-May-26,75000,BUY,2.0,45.0,47,20.0,75660.56193832423,-2.054269381540024,1.5538300804297527,75653.32506009375,75651.95777888715
2026-05-14T14:07:37,SENSEX,14-May-26,75000,BUY,2.0,47.0,49,20.0,75677.96220651269,-1.6048388186089042,1.4133886127641377,75679.47553069837,75678.11294371421
2026-05-14T14:08:51,SENSEX,14-May-26,75000,SELL,-2.0,49.0,47,20.0,75603.31069050464,2.2975016914468824,1.8094441368811514,75602.397384521,75601.0577301882
2026-05-14T14:09:17,SENSEX,14-May-26,75000,BUY,2.0,47.0,49,20.0,75631.06111847449,-1.6837494752378888,1.6303334998315875,75631.90320489742,75630.57066932788
2026-05-14T14:14:28,SENSEX,14-May-26,75000,SELL,-2.0,49.0,47,20.0,75555.35911511435,2.399169022713785,2.0881295170780856,75555.89845551047,75554.6583558423
2026-05-14T14:16:12,SENSEX,14-May-26,75000,BUY,2.0,47.0,49,20.0,75612.00979699446,-1.8489475213597117,1.7174088318832155,75611.22437928357,75610.0140020156
2026-05-14T14:19:08,SENSEX,14-May-26,75000,SELL,-2.0,49.0,47,20.0,75575.10881406155,2.015024987897135,1.9450816457919613,75575.67539349858,75574.51712807459
2026-05-14T14:19:39,SENSEX,14-May-26,75000,SELL,-3.0,47.0,44,20.0,75496.75755388796,2.821179487385699,2.4851640207784076,75499.9969586762,75498.84887645017
2026-05-14T14:20:34,SENSEX,14-May-26,75000,BUY,2.0,44.0,46,20.0,75530.95796068486,-2.3313566072620375,2.264711787547502,75529.27318993563,75528.14077496872
2026-05-14T14:21:35,SENSEX,14-May-26,75000,BUY,2.0,46.0,48,20.0,75566.15835414607,-1.9963809245066741,1.9960800321463423,75567.401732362,75566.2866713405
2026-05-14T14:22:38,SENSEX,14-May-26,75000,SELL,-2.0,48.0,46,20.0,75530.90770454939,2.3644351169754714,2.2441777023876686,75532.32909716878,75531.23296962043
2026-05-14T14:24:21,SENSEX,14-May-26,75000,BUY,3.0,46.0,49,20.0,75582.00821434005,-2.518572408037727,1.8695231784117645,75582.65187222027,75581.5851147608
2026-05-14T14:27:45,SENSEX,14-May-26,75000,BUY,2.0,49.0,51,20.0,75619.35824988717,-1.7339359992934789,1.5802440741764079,75621.09761701006,75620.09033968303
2026-05-14T14:29:31,SENSEX,14-May-26,75000,BUY,1.0,51.0,52,20.0,75642.80829954271,-1.4104948756603903,1.3972358491418624,75640.17422756666,75639.19760847693
2026-05-14T14:33:39,SENSEX,14-May-26,75000,BUY,1.0,52.0,53,20.0,75680.25812686718,-1.2220605540647682,1.2062017388770663,75679.50035243305,75678.59622909605
2026-05-14T14:36:35,SENSEX,14-May-26,75000,SELL,-2.0,53.0,51,20.0,75544.50613325386,2.0903743184666297,1.9754583135990866,75544.274372313,75543.4234503785
2026-05-14T14:38:39,SENSEX,14-May-26,75000,BUY,2.0,51.0,53,20.0,75580.95626645997,-1.833904410769243,1.651736699080148,75574.99757302093,75574.18238653558
2026-05-14T14:40:16,SENSEX,14-May-26,75000,SELL,-2.0,53.0,51,20.0,75514.50535521166,2.4695173321168227,2.2386123156888256,75510.30062763704,75509.51468121563
2026-05-14T14:46:00,SENSEX,14-May-26,75000,SELL,-3.0,51.0,48,20.0,75440.20399369767,2.9787875913356032,2.9727657557310643,75440.5517287576,75439.86730344615
2026-05-14T14:46:28,SENSEX,14-May-26,75000,SELL,-4.0,48.0,44,20.0,75397.60356528863,3.599014298086587,3.541761986616106,75394.15129259648,75393.47523751587
2026-05-14T14:47:23,SENSEX,14-May-26,75000,BUY,4.0,44.0,48,20.0,75423.40370595877,-3.8137864362969793,3.208523011131153,75419.42385709597,75418.76372759932
2026-05-14T14:48:48,SENSEX,14-May-26,75000,SELL,-4.0,48.0,44,20.0,75384.3532376239,3.736810551669926,3.727940336867539,75379.32566820481,75378.69070567022
2026-05-14T14:49:43,SENSEX,14-May-26,75000,BUY,4.0,44.0,48,20.0,75416.80342179425,-3.7205341720672465,3.2238669442832606,75417.02637122164,75416.40722672036
2026-05-14T14:50:36,SENSEX,14-May-26,75000,BUY,3.0,48.0,51,20.0,75460.55368668777,-2.7558675889263284,2.659186340698536,75459.1016738387,75458.49763102022
2026-05-14T14:59:11,SENSEX,14-May-26,75000,BUY,3.0,51.0,54,20.0,75464.6027896731,-2.6208417013564684,2.40592632298815,75457.70004623436,75457.24696605411
2026-05-14T14:59:22,SENSEX,14-May-26,75000,BUY,2.0,54.0,56,20.0,75510.9030461302,-1.8473479566560442,1.6212325001741896,75513.07477984272,75512.6245522309
2026-05-14T15:00:11,SENSEX,14-May-26,75000,SELL,-3.0,56.0,53,20.0,75431.15248978387,2.9736868917789607,2.7965831046307623,75431.37373749507,75430.93814261408
2026-05-14T15:00:20,SENSEX,14-May-26,75000,BUY,2.0,53.0,55,20.0,75485.65278681829,-2.283080339846663,1.8966386292202906,75487.75021662183,75487.31704574516
2026-05-14T15:03:49,SENSEX,14-May-26,75000,BUY,1.0,55.0,56,20.0,75451.2022227479,-1.4157189725074986,0.5,75449.87105834184,75449.49937124919
2026-05-14T15:03:51,SENSEX,14-May-26,75000,BUY,1.0,56.0,57,20.0,75452.50222697888,-0.8024555339405381,0.5,75452.00124021807,75451.62990500039
2026-05-14T15:03:57,SENSEX,14-May-26,75000,SELL,-1.0,57.0,56,20.0,75438.25214643795,0.5639066494808418,0.5,75439.02494624721,75438.65546674305
2026-05-14T15:03:58,SENSEX,14-May-26,75000,BUY,1.0,56.0,57,20.0,75443.20216857127,-0.5865033959678669,0.5,75444.02497076441,75443.65582603424
2026-05-14T15:04:11,SENSEX,14-May-26,75000,SELL,-1.0,57.0,56,20.0,75439.30212759755,0.55226623327151,0.5,75437.90018355554,75437.53482795818
2026-05-14T15:04:12,SENSEX,14-May-26,75000,BUY,1.0,56.0,57,20.0,75438.80212285982,-0.534919337816909,0.5,75439.04994702525,75438.68498404931
2026-05-14T15:04:14,SENSEX,14-May-26,75000,SELL,-1.0,57.0,56,20.0,75437.9521164255,0.5370264085039267,0.5,75436.65041874247,75436.28586735668
2026-05-14T15:04:19,SENSEX,14-May-26,75000,BUY,1.0,56.0,57,20.0,75438.85211143928,-0.5431524775711196,0.5,75436.00017320682,75435.63722967937
2026-05-14T15:04:22,SENSEX,14-May-26,75000,SELL,-1.0,57.0,56,20.0,75432.85207805574,0.5098709361310014,0.5,75435.12516863049,75434.76301628415
2026-05-14T15:08:03,SENSEX,14-May-26,75000,SELL,-1.0,56.0,55,20.0,75365.90144314738,1.2275377668532883,1.2,75367.92467628772,75367.62741858383
2026-05-14T15:08:11,SENSEX,14-May-26,75000,SELL,-1.0,55.0,54,20.0,75359.75140742278,1.4817307294737958,1.2,75357.15022358362,75356.85541064275
2026-05-14T15:08:41,SENSEX,14-May-26,75000,BUY,1.0,54.0,55,20.0,75375.25142439027,-1.2156551668136828,1.2,75371.94951394224,75371.66341490563
2026-05-14T15:09:07,SENSEX,14-May-26,75000,BUY,1.0,55.0,56,20.0,75388.65143614444,-1.3097797775808928,1.2,75387.64995436413,75387.37138198815
2026-05-14T15:10:10,SENSEX,14-May-26,75000,SELL,-1.0,56.0,55,20.0,75376.85129979275,1.3975562015161316,0.5,75377.74664661405,75377.48666224205
2026-05-14T15:10:14,SENSEX,14-May-26,75000,BUY,1.0,55.0,56,20.0,75382.15131263876,-0.6430280873901637,0.5,75381.72442199585,75381.46549583382
2026-05-14T15:10:15,SENSEX,14-May-26,75000,SELL,-1.0,56.0,55,20.0,75377.95129642735,0.5355359558207695,0.5,75378.74941258584,75378.49085262514
2026-05-14T15:10:42,SENSEX,14-May-26,75000,BUY,1.0,55.0,56,20.0,75380.75126644426,-0.565807669610308,0.5,75379.64959969385,75379.39887400101
2026-05-14T15:10:46,SENSEX,14-May-26,75000,SELL,-1.0,56.0,55,20.0,75372.25123303177,0.7445610415649568,0.5,75372.8255724613,75372.57591018974
2026-05-14T15:10:51,SENSEX,14-May-26,75000,BUY,1.0,55.0,56,20.0,75380.45125210019,-0.543424540372925,0.5,75378.82493031089,75378.57685164023
2026-05-14T15:10:54,SENSEX,14-May-26,75000,SELL,-1.0,56.0,55,20.0,75378.55124180752,0.5608377515275436,0.5,75378.2496006074,75378.00232819842
2026-05-14T15:10:56,SENSEX,14-May-26,75000,BUY,1.0,55.0,56,20.0,75380.65124466913,-0.6462740717556912,0.5,75379.7499337855,75379.50345397154
2026-05-14T15:10:58,SENSEX,14-May-26,75000,SELL,-1.0,56.0,55,20.0,75379.20123787112,0.5127032236404219,0.5,75378.94960484098,75378.70353648564
2026-05-14T15:11:26,SENSEX,14-May-26,75000,BUY,1.0,55.0,56,20.0,75388.1012247472,-1.1542452345112864,1.1,75386.80011613166,75386.56221486743
2026-05-14T15:12:01,SENSEX,14-May-26,75000,SELL,-1.0,56.0,55,20.0,75374.90113267957,1.1184387110772391,1.1,75376.40053295459,75376.17280009056
2026-05-14T15:13:03,SENSEX,14-May-26,75000,BUY,1.0,55.0,56,20.0,75381.90106104074,-1.263132047333002,1.1,75382.00036673836,75381.79093193564
2026-05-14T15:16:15,SENSEX,14-May-26,75000,SELL,-1.0,56.0,55,20.0,75356.85072565374,1.1065404290507743,1.1,75357.82460921255,75357.67136954414
2026-05-14T15:16:32,SENSEX,14-May-26,75000,BUY,1.0,55.0,56,20.0,75364.90071861913,-1.2459318781192295,1.1,75365.55003062353,75365.40160908614
2026-05-14T15:16:51,SENSEX,14-May-26,75000,BUY,1.0,56.0,57,20.0,75373.5507080069,-1.119343205316646,1.1,75372.5250426927,75372.38218586973
2026-05-14T15:18:34,SENSEX,14-May-26,75000,BUY,1.0,57.0,58,20.0,75373.55055922488,-1.3265269375491258,1.1,75373.00003443228,75372.887197077
2026-05-14T15:21:39,SENSEX,14-May-26,75000,BUY,1.0,58.0,59,20.0,75389.90030259844,-1.1093808163727275,1.1,75389.50003065565,75389.4415214794
